,sse,acc,iter,time
euclidean,25414767689.961174,0.5851,33,4.442767858505249
cosine,686.2292942871767,0.6279,29,4.992431402206421
jaccard,4239.946465001936,0.4442,2,2.1199352741241455
